-- phpMyAdmin SQL Dump
-- version 3.3.10
-- http://www.phpmyadmin.net
--
-- Servidor: localhost
-- Tiempo de generación: 25-01-2015 a las 11:40:14
-- Versión del servidor: 5.5.33
-- Versión de PHP: 5.3.25

SET SQL_MODE="NO_AUTO_VALUE_ON_ZERO";


/*!40101 SET @OLD_CHARACTER_SET_CLIENT=@@CHARACTER_SET_CLIENT */;
/*!40101 SET @OLD_CHARACTER_SET_RESULTS=@@CHARACTER_SET_RESULTS */;
/*!40101 SET @OLD_COLLATION_CONNECTION=@@COLLATION_CONNECTION */;
/*!40101 SET NAMES utf8 */;

--
-- Base de datos: `DB_BASE`
--
USE `mce_base`;



--
-- Volcar la base de datos para la tabla `PAIS`
--

INSERT INTO `pais` (`pai_id`, `pai_nombre`, `pai_estado_activo`, `pai_fecha_creacion`, `pai_fecha_modificacion`, `pai_estado_logico`) VALUES
(1, 'Afganistán', '1', '2012-08-30 01:02:59', '', '1'),
(2, 'Albania', '1', '2012-08-30 01:02:59', '', '1'),
(3, 'Alemania', '1', '2012-08-30 01:02:59', '', '1'),
(4, 'Andorra', '1', '2012-08-30 01:02:59', '', '1'),
(5, 'Angola', '1', '2012-08-30 01:02:59', '', '1'),
(6, 'Anguila', '1', '2012-08-30 01:02:59', '', '1'),
(7, 'Antigua y Barbuda', '1', '2012-08-30 01:02:59', '', '1'),
(8, 'Antillas Neerlandesas', '1', '2012-08-30 01:02:59', '', '1'),
(9, 'Antártida', '1', '2012-08-30 01:02:59', '', '1'),
(10, 'Arabia Saudí', '1', '2012-08-30 01:02:59', '', '1'),
(11, 'Argelia', '1', '2012-08-30 01:02:59', '', '1'),
(12, 'Argentina', '1', '2012-08-30 01:02:59', '', '1'),
(13, 'Armenia', '1', '2012-08-30 01:02:59', '', '1'),
(14, 'Aruba', '1', '2012-08-30 01:02:59', '', '1'),
(15, 'Australia', '1', '2012-08-30 01:02:59', '', '1'),
(16, 'Austria', '1', '2012-08-30 01:02:59', '', '1'),
(17, 'Azerbaiyán', '1', '2012-08-30 01:02:59', '', '1'),
(18, 'Bahamas', '1', '2012-08-30 01:02:59', '', '1'),
(19, 'Bahréin', '1', '2012-08-30 01:02:59', '', '1'),
(20, 'Bangladesh', '1', '2012-08-30 01:02:59', '', '1'),
(21, 'Barbados', '1', '2012-08-30 01:02:59', '', '1'),
(22, 'Belice', '1', '2012-08-30 01:02:59', '', '1'),
(23, 'Benín', '1', '2012-08-30 01:02:59', '', '1'),
(24, 'Bermudas', '1', '2012-08-30 01:02:59', '', '1'),
(25, 'Bielorrusia', '1', '2012-08-30 01:02:59', '', '1'),
(26, 'Bolivia', '1', '2012-08-30 01:02:59', '', '1'),
(27, 'Bosnia-Herzegovina', '1', '2012-08-30 01:02:59', '', '1'),
(28, 'Botsuana', '1', '2012-08-30 01:02:59', '', '1'),
(29, 'Brasil', '1', '2012-08-30 01:02:59', '', '1'),
(30, 'Brunéi', '1', '2012-08-30 01:02:59', '', '1'),
(31, 'Bulgaria', '1', '2012-08-30 01:02:59', '', '1'),
(32, 'Burkina Faso', '1', '2012-08-30 01:02:59', '', '1'),
(33, 'Burundi', '1', '2012-08-30 01:02:59', '', '1'),
(34, 'Bután', '1', '2012-08-30 01:02:59', '', '1'),
(35, 'Bélgica', '1', '2012-08-30 01:02:59', '', '1'),
(36, 'Cabo Verde', '1', '2012-08-30 01:02:59', '', '1'),
(37, 'Camboya', '1', '2012-08-30 01:02:59', '', '1'),
(38, 'Camerún', '1', '2012-08-30 01:02:59', '', '1'),
(39, 'Canadá', '1', '2012-08-30 01:02:59', '', '1'),
(40, 'Chad', '1', '2012-08-30 01:02:59', '', '1'),
(41, 'Chile', '1', '2012-08-30 01:02:59', '', '1'),
(42, 'China', '1', '2012-08-30 01:02:59', '', '1'),
(43, 'Chipre', '1', '2012-08-30 01:02:59', '', '1'),
(44, 'Ciudad del Vaticano', '1', '2012-08-30 01:02:59', '', '1'),
(45, 'Colombia', '1', '2012-08-30 01:02:59', '', '1'),
(46, 'Comoras', '1', '2012-08-30 01:02:59', '', '1'),
(47, 'Congo', '1', '2012-08-30 01:02:59', '', '1'),
(48, 'Corea del Norte', '1', '2012-08-30 01:02:59', '', '1'),
(49, 'Corea del Sur', '1', '2012-08-30 01:02:59', '', '1'),
(50, 'Costa Rica', '1', '2012-08-30 01:02:59', '', '1'),
(51, 'Costa de Marfil', '1', '2012-08-30 01:02:59', '', '1'),
(52, 'Croacia', '1', '2012-08-30 01:02:59', '', '1'),
(53, 'Cuba', '1', '2012-08-30 01:02:59', '', '1'),
(54, 'Dinamarca', '1', '2012-08-30 01:02:59', '', '1'),
(55, 'Dominica', '1', '2012-08-30 01:02:59', '', '1'),
(56, 'Ecuador', '1', '2012-08-30 01:02:59', '', '1'),
(57, 'Egipto', '1', '2012-08-30 01:02:59', '', '1'),
(58, 'El Salvador', '1', '2012-08-30 01:02:59', '', '1'),
(59, 'Emiratos Árabes Unidos', '1', '2012-08-30 01:02:59', '', '1'),
(60, 'Eritrea', '1', '2012-08-30 01:02:59', '', '1'),
(61, 'Eslovaquia', '1', '2012-08-30 01:02:59', '', '1'),
(62, 'Eslovenia', '1', '2012-08-30 01:02:59', '', '1'),
(63, 'España', '1', '2012-08-30 01:02:59', '', '1'),
(64, 'Estados Unidos', '1', '2012-08-30 01:02:59', '', '1'),
(65, 'Estonia', '1', '2012-08-30 01:02:59', '', '1'),
(66, 'Etiopía', '1', '2012-08-30 01:02:59', '', '1'),
(67, 'Filipinas', '1', '2012-08-30 01:02:59', '', '1'),
(68, 'Finlandia', '1', '2012-08-30 01:02:59', '', '1'),
(69, 'Fiyi', '1', '2012-08-30 01:02:59', '', '1'),
(70, 'Francia', '1', '2012-08-30 01:02:59', '', '1'),
(71, 'Gabón', '1', '2012-08-30 01:02:59', '', '1'),
(72, 'Gambia', '1', '2012-08-30 01:02:59', '', '1'),
(73, 'Georgia', '1', '2012-08-30 01:02:59', '', '1'),
(74, 'Ghana', '1', '2012-08-30 01:02:59', '', '1'),
(75, 'Gibraltar', '1', '2012-08-30 01:02:59', '', '1'),
(76, 'Granada', '1', '2012-08-30 01:02:59', '', '1'),
(77, 'Grecia', '1', '2012-08-30 01:02:59', '', '1'),
(78, 'Groenlandia', '1', '2012-08-30 01:02:59', '', '1'),
(79, 'Guadalupe', '1', '2012-08-30 01:02:59', '', '1'),
(80, 'Guam', '1', '2012-08-30 01:02:59', '', '1'),
(81, 'Guatemala', '1', '2012-08-30 01:02:59', '', '1'),
(82, 'Guayana Francesa', '1', '2012-08-30 01:02:59', '', '1'),
(83, 'Guernsey', '1', '2012-08-30 01:02:59', '', '1'),
(84, 'Guinea', '1', '2012-08-30 01:02:59', '', '1'),
(85, 'Guinea Ecuatorial', '1', '2012-08-30 01:02:59', '', '1'),
(86, 'Guinea-Bissau', '1', '2012-08-30 01:02:59', '', '1'),
(87, 'Guyana', '1', '2012-08-30 01:02:59', '', '1'),
(88, 'Haití', '1', '2012-08-30 01:02:59', '', '1'),
(89, 'Honduras', '1', '2012-08-30 01:02:59', '', '1'),
(90, 'Hungría', '1', '2012-08-30 01:02:59', '', '1'),
(91, 'India', '1', '2012-08-30 01:02:59', '', '1'),
(92, 'Indonesia', '1', '2012-08-30 01:02:59', '', '1'),
(93, 'Iraq', '1', '2012-08-30 01:02:59', '', '1'),
(94, 'Irlanda', '1', '2012-08-30 01:02:59', '', '1'),
(95, 'Irán', '1', '2012-08-30 01:02:59', '', '1'),
(96, 'Isla Bouvet', '1', '2012-08-30 01:02:59', '', '1'),
(97, 'Isla Christmas', '1', '2012-08-30 01:02:59', '', '1'),
(98, 'Isla Niue', '1', '2012-08-30 01:02:59', '', '1'),
(99, 'Isla Norfolk', '1', '2012-08-30 01:02:59', '', '1'),
(100, 'Isla de Man', '1', '2012-08-30 01:02:59', '', '1'),
(101, 'Islandia', '1', '2012-08-30 01:02:59', '', '1'),
(102, 'Islas Caimán', '1', '2012-08-30 01:02:59', '', '1'),
(103, 'Islas Cocos', '1', '2012-08-30 01:02:59', '', '1'),
(104, 'Islas Cook', '1', '2012-08-30 01:02:59', '', '1'),
(105, 'Islas Feroe', '1', '2012-08-30 01:02:59', '', '1'),
(106, 'Islas Georgia del Sur y Sandwich del Sur', '1', '2012-08-30 01:02:59', '', '1'),
(107, 'Islas Heard y McDonald', '1', '2012-08-30 01:02:59', '', '1'),
(108, 'Islas Malvinas', '1', '2012-08-30 01:02:59', '', '1'),
(109, 'Islas Marianas del Norte', '1', '2012-08-30 01:02:59', '', '1'),
(110, 'Islas Marshall', '1', '2012-08-30 01:02:59', '', '1'),
(111, 'Islas Salomón', '1', '2012-08-30 01:02:59', '', '1'),
(112, 'Islas Turcas y Caicos', '1', '2012-08-30 01:02:59', '', '1'),
(113, 'Islas Vírgenes Británicas', '1', '2012-08-30 01:02:59', '', '1'),
(114, 'Islas Vírgenes de los Estados Unidos', '1', '2012-08-30 01:02:59', '', '1'),
(115, 'Islas menores alejadas de los Estados Unidos', '1', '2012-08-30 01:02:59', '', '1'),
(116, 'Islas Åland', '1', '2012-08-30 01:02:59', '', '1'),
(117, 'Israel', '1', '2012-08-30 01:02:59', '', '1'),
(118, 'Italia', '1', '2012-08-30 01:02:59', '', '1'),
(119, 'Jamaica', '1', '2012-08-30 01:02:59', '', '1'),
(120, 'Japón', '1', '2012-08-30 01:02:59', '', '1'),
(121, 'Jersey', '1', '2012-08-30 01:02:59', '', '1'),
(122, 'Jordania', '1', '2012-08-30 01:02:59', '', '1'),
(123, 'Kazajistán', '1', '2012-08-30 01:02:59', '', '1'),
(124, 'Kenia', '1', '2012-08-30 01:02:59', '', '1'),
(125, 'Kirguistán', '1', '2012-08-30 01:02:59', '', '1'),
(126, 'Kiribati', '1', '2012-08-30 01:02:59', '', '1'),
(127, 'Kuwait', '1', '2012-08-30 01:02:59', '', '1'),
(128, 'Laos', '1', '2012-08-30 01:02:59', '', '1'),
(129, 'Lesoto', '1', '2012-08-30 01:02:59', '', '1'),
(130, 'Letonia', '1', '2012-08-30 01:02:59', '', '1'),
(131, 'Liberia', '1', '2012-08-30 01:02:59', '', '1'),
(132, 'Libia', '1', '2012-08-30 01:02:59', '', '1'),
(133, 'Liechtenstein', '1', '2012-08-30 01:02:59', '', '1'),
(134, 'Lituania', '1', '2012-08-30 01:02:59', '', '1'),
(135, 'Luxemburgo', '1', '2012-08-30 01:02:59', '', '1'),
(136, 'Líbano', '1', '2012-08-30 01:02:59', '', '1'),
(137, 'Macedonia', '1', '2012-08-30 01:02:59', '', '1'),
(138, 'Madagascar', '1', '2012-08-30 01:02:59', '', '1'),
(139, 'Malasia', '1', '2012-08-30 01:02:59', '', '1'),
(140, 'Malaui', '1', '2012-08-30 01:02:59', '', '1'),
(141, 'Maldivas', '1', '2012-08-30 01:02:59', '', '1'),
(142, 'Mali', '1', '2012-08-30 01:02:59', '', '1'),
(143, 'Malta', '1', '2012-08-30 01:02:59', '', '1'),
(144, 'Marruecos', '1', '2012-08-30 01:02:59', '', '1'),
(145, 'Martinica', '1', '2012-08-30 01:02:59', '', '1'),
(146, 'Mauricio', '1', '2012-08-30 01:02:59', '', '1'),
(147, 'Mauritania', '1', '2012-08-30 01:02:59', '', '1'),
(148, 'Mayotte', '1', '2012-08-30 01:02:59', '', '1'),
(149, 'Micronesia', '1', '2012-08-30 01:02:59', '', '1'),
(150, 'Moldavia', '1', '2012-08-30 01:02:59', '', '1'),
(151, 'Mongolia', '1', '2012-08-30 01:02:59', '', '1'),
(152, 'Montenegro', '1', '2012-08-30 01:02:59', '', '1'),
(153, 'Montserrat', '1', '2012-08-30 01:02:59', '', '1'),
(154, 'Mozambique', '1', '2012-08-30 01:02:59', '', '1'),
(155, 'Myanmar', '1', '2012-08-30 01:02:59', '', '1'),
(156, 'México', '1', '2012-08-30 01:02:59', '', '1'),
(157, 'Mónaco', '1', '2012-08-30 01:02:59', '', '1'),
(158, 'Namibia', '1', '2012-08-30 01:02:59', '', '1'),
(159, 'Nauru', '1', '2012-08-30 01:02:59', '', '1'),
(160, 'Nepal', '1', '2012-08-30 01:02:59', '', '1'),
(161, 'Nicaragua', '1', '2012-08-30 01:02:59', '', '1'),
(162, 'Nigeria', '1', '2012-08-30 01:02:59', '', '1'),
(163, 'Noruega', '1', '2012-08-30 01:02:59', '', '1'),
(164, 'Nueva Caledonia', '1', '2012-08-30 01:02:59', '', '1'),
(165, 'Nueva Zelanda', '1', '2012-08-30 01:02:59', '', '1'),
(166, 'Níger', '1', '2012-08-30 01:02:59', '', '1'),
(167, 'Omán', '1', '2012-08-30 01:02:59', '', '1'),
(168, 'Pakistán', '1', '2012-08-30 01:02:59', '', '1'),
(169, 'Palau', '1', '2012-08-30 01:02:59', '', '1'),
(170, 'Palestina', '1', '2012-08-30 01:02:59', '', '1'),
(171, 'Panamá', '1', '2012-08-30 01:02:59', '', '1'),
(172, 'Papúa Nueva Guinea', '1', '2012-08-30 01:02:59', '', '1'),
(173, 'Paraguay', '1', '2012-08-30 01:02:59', '', '1'),
(174, 'Países Bajos', '1', '2012-08-30 01:02:59', '', '1'),
(175, 'Perú', '1', '2012-08-30 01:02:59', '', '1'),
(176, 'Pitcairn', '1', '2012-08-30 01:02:59', '', '1'),
(177, 'Polinesia Francesa', '1', '2012-08-30 01:02:59', '', '1'),
(178, 'Polonia', '1', '2012-08-30 01:02:59', '', '1'),
(179, 'Portugal', '1', '2012-08-30 01:02:59', '', '1'),
(180, 'Puerto Rico', '1', '2012-08-30 01:02:59', '', '1'),
(181, 'Qatar', '1', '2012-08-30 01:02:59', '', '1'),
(182, 'Región Administrativa Especial de Hong Kong de la República Popular China', '1', '2012-08-30 01:02:59', '', '1'),
(183, 'Región Administrativa Especial de Macao de la República Popular China', '1', '2012-08-30 01:02:59', '', '1'),
(184, 'Región desconocida o no válida', '1', '2012-08-30 01:02:59', '', '1'),
(185, 'Reino Unido', '1', '2012-08-30 01:02:59', '', '1'),
(186, 'República Centroafricana', '1', '2012-08-30 01:02:59', '', '1'),
(187, 'República Checa', '1', '2012-08-30 01:02:59', '', '1'),
(188, 'República Democrática del Congo', '1', '2012-08-30 01:02:59', '', '1'),
(189, 'República Dominicana', '1', '2012-08-30 01:02:59', '', '1'),
(190, 'Reunión', '1', '2012-08-30 01:02:59', '', '1'),
(191, 'Ruanda', '1', '2012-08-30 01:02:59', '', '1'),
(192, 'Rumanía', '1', '2012-08-30 01:02:59', '', '1'),
(193, 'Rusia', '1', '2012-08-30 01:02:59', '', '1'),
(194, 'Samoa', '1', '2012-08-30 01:02:59', '', '1'),
(195, 'Samoa Americana', '1', '2012-08-30 01:02:59', '', '1'),
(196, 'San Bartolomé', '1', '2012-08-30 01:02:59', '', '1'),
(197, 'San Cristóbal y Nieves', '1', '2012-08-30 01:02:59', '', '1'),
(198, 'San Marino', '1', '2012-08-30 01:02:59', '', '1'),
(199, 'San Martín', '1', '2012-08-30 01:02:59', '', '1'),
(200, 'San Pedro y Miquelón', '1', '2012-08-30 01:02:59', '', '1'),
(201, 'San Vicente y las Granadinas', '1', '2012-08-30 01:02:59', '', '1'),
(202, 'Santa Elena', '1', '2012-08-30 01:02:59', '', '1'),
(203, 'Santa Lucía', '1', '2012-08-30 01:02:59', '', '1'),
(204, 'Santo Tomé y Príncipe', '1', '2012-08-30 01:02:59', '', '1'),
(205, 'Senegal', '1', '2012-08-30 01:02:59', '', '1'),
(206, 'Serbia', '1', '2012-08-30 01:02:59', '', '1'),
(207, 'Serbia y Montenegro', '1', '2012-08-30 01:02:59', '', '1'),
(208, 'Seychelles', '1', '2012-08-30 01:02:59', '', '1'),
(209, 'Sierra Leona', '1', '2012-08-30 01:02:59', '', '1'),
(210, 'Singapur', '1', '2012-08-30 01:02:59', '', '1'),
(211, 'Siria', '1', '2012-08-30 01:02:59', '', '1'),
(212, 'Somalia', '1', '2012-08-30 01:02:59', '', '1'),
(213, 'Sri Lanka', '1', '2012-08-30 01:02:59', '', '1'),
(214, 'Suazilandia', '1', '2012-08-30 01:02:59', '', '1'),
(215, 'Sudáfrica', '1', '2012-08-30 01:02:59', '', '1'),
(216, 'Sudán', '1', '2012-08-30 01:02:59', '', '1'),
(217, 'Suecia', '1', '2012-08-30 01:02:59', '', '1'),
(218, 'Suiza', '1', '2012-08-30 01:02:59', '', '1'),
(219, 'Surinam', '1', '2012-08-30 01:02:59', '', '1'),
(220, 'Svalbard y Jan Mayen', '1', '2012-08-30 01:02:59', '', '1'),
(221, 'Sáhara Occidental', '1', '2012-08-30 01:02:59', '', '1'),
(222, 'Tailandia', '1', '2012-08-30 01:02:59', '', '1'),
(223, 'Taiwán', '1', '2012-08-30 01:02:59', '', '1'),
(224, 'Tanzania', '1', '2012-08-30 01:02:59', '', '1'),
(225, 'Tayikistán', '1', '2012-08-30 01:02:59', '', '1'),
(226, 'Territorio Británico del Océano Índico', '1', '2012-08-30 01:02:59', '', '1'),
(227, 'Territorios Australes Franceses', '1', '2012-08-30 01:02:59', '', '1'),
(228, 'Timor Oriental', '1', '2012-08-30 01:02:59', '', '1'),
(229, 'Togo', '1', '2012-08-30 01:02:59', '', '1'),
(230, 'Tokelau', '1', '2012-08-30 01:02:59', '', '1'),
(231, 'Tonga', '1', '2012-08-30 01:02:59', '', '1'),
(232, 'Trinidad y Tobago', '1', '2012-08-30 01:02:59', '', '1'),
(233, 'Turkmenistán', '1', '2012-08-30 01:02:59', '', '1'),
(234, 'Turquía', '1', '2012-08-30 01:02:59', '', '1'),
(235, 'Tuvalu', '1', '2012-08-30 01:02:59', '', '1'),
(236, 'Túnez', '1', '2012-08-30 01:02:59', '', '1'),
(237, 'Ucrania', '1', '2012-08-30 01:02:59', '', '1'),
(238, 'Uganda', '1', '2012-08-30 01:02:59', '', '1'),
(239, 'Uruguay', '1', '2012-08-30 01:02:59', '', '1'),
(240, 'Uzbekistán', '1', '2012-08-30 01:02:59', '', '1'),
(241, 'Vanuatu', '1', '2012-08-30 01:02:59', '', '1'),
(242, 'Venezuela', '1', '2012-08-30 01:02:59', '', '1'),
(243, 'Vietnam', '1', '2012-08-30 01:02:59', '', '1'),
(244, 'Wallis y Futuna', '1', '2012-08-30 01:02:59', '', '1'),
(245, 'Yemen', '1', '2012-08-30 01:02:59', '', '1'),
(246, 'Yibuti', '1', '2012-08-30 01:02:59', '', '1'),
(247, 'Zambia', '1', '2012-08-30 01:02:59', '', '1'),
(248, 'Zimbabue', '1', '2012-08-30 01:02:59', '', '1');


--
-- Volcar la base de datos para la tabla `PROVINCIA`
--

INSERT INTO `provincia` (`prov_id`, `pai_id`, `prov_nombre`, `prov_descripcion`, `prov_estado_activo`, `prov_fecha_creacion`, `prov_fecha_modificacion`, `prov_estado_logico`) VALUES
(1, 56, 'Azuay', 'Provincias del Ecuador', '1', '2012-08-30 01:02:59', '', '1'),
(2, 56, 'Bolívar', 'Provincias del Ecuador', '1', '2012-08-30 01:02:59', '', '1'),
(3, 56, 'Cañar', 'Provincias del Ecuador', '1', '2012-08-30 01:02:59', '', '1'),
(4, 56, 'Carchi', 'Provincias del Ecuador', '1', '2012-08-30 01:02:59', '', '1'),
(5, 56, 'Chimborazo', 'Provincias del Ecuador', '1', '2012-08-30 01:02:59', '', '1'),
(6, 56, 'Cotopaxi', 'Provincias del Ecuador', '1', '2012-08-30 01:02:59', '', '1'),
(7, 56, 'El Oro', 'Provincias del Ecuador', '1', '2012-08-30 01:02:59', '', '1'),
(8, 56, 'Esmeraldas', 'Provincias del Ecuador', '1', '2012-08-30 01:02:59', '', '1'),
(9, 56, 'Galápagos', 'Provincias del Ecuador', '1', '2012-08-30 01:02:59', '', '1'),
(10, 56, 'Guayas', 'Provincias del Ecuador', '1', '2012-08-30 01:02:59', '', '1'),
(11, 56, 'Imbabura', 'Provincias del Ecuador', '1', '2012-08-30 01:02:59', '', '1'),
(12, 56, 'Loja', 'Provincias del Ecuador', '1', '2012-08-30 01:02:59', '', '1'),
(13, 56, 'Los Ríos', 'Provincias del Ecuador', '1', '2012-08-30 01:02:59', '', '1'),
(14, 56, 'Manabí', 'Provincias del Ecuador', '1', '2012-08-30 01:02:59', '', '1'),
(15, 56, 'Morona Santiago', 'Provincias del Ecuador', '1', '2012-08-30 01:02:59', '', '1'),
(16, 56, 'Napo', 'Provincias del Ecuador', '1', '2012-08-30 01:02:59', '', '1'),
(17, 56, 'Orellana', 'Provincias del Ecuador', '1', '2012-08-30 01:02:59', '', '1'),
(18, 56, 'Pastaza', 'Provincias del Ecuador', '1', '2012-08-30 01:02:59', '', '1'),
(19, 56, 'Pichincha', 'Provincias del Ecuador', '1', '2012-08-30 01:02:59', '', '1'),
(20, 56, 'Santa Elena', 'Provincias del Ecuador', '1', '2012-08-30 01:02:59', '', '1'),
(21, 56, 'Santo Domingo de los Tsáchilas', 'Provincias del Ecuador', '1', '2012-08-30 01:02:59', '', '1'),
(22, 56, 'Sucumbíos', 'Provincias del Ecuador', '1', '2012-08-30 01:02:59', '', '1'),
(23, 56, 'Tungurahua', 'Provincias del Ecuador', '1', '2012-08-30 01:02:59', '', '1'),
(24, 56, 'Zamora Chinchipe', 'Provincias del Ecuador', '1', '2012-08-30 01:02:59', '', '1'),
(25, 56, 'Todas', 'Provincias del Ecuador', '1', '2012-08-30 01:02:59', '', '1');



--
-- Volcar la base de datos para la tabla `CANTON`
--

INSERT INTO `canton` (`can_id`, `prov_id`, `can_nombre`, `can_descripcion`, `can_estado_activo`, `can_fecha_creacion`, `can_fecha_modificacion`, `can_estado_logico`) VALUES
(1, 1, 'Camilo Ponce Enríquez', 'cantones Azuay', '1', '2012-08-29 05:00:00', NULL, '1'),
(2, 1, 'Chordeleg', 'cantones Azuay', '1', '2012-08-29 05:00:00', NULL, '1'),
(3, 1, 'Cuenca', 'cantones Azuay', '1', '2012-08-29 05:00:00', NULL, '1'),
(4, 1, 'El Pan', 'cantones Azuay', '1', '2012-08-29 05:00:00', NULL, '1'),
(5, 1, 'Girón', 'cantones Azuay', '1', '2012-08-29 05:00:00', NULL, '1'),
(6, 1, 'Guachapala', 'cantones Azuay', '1', '2012-08-29 05:00:00', NULL, '1'),
(7, 1, 'Gualaceo', 'cantones Azuay', '1', '2012-08-29 05:00:00', NULL, '1'),
(8, 1, 'Nabón', 'cantones Azuay', '1', '2012-08-29 05:00:00', NULL, '1'),
(9, 1, 'Oña', 'cantones Azuay', '1', '2012-08-29 05:00:00', NULL, '1'),
(10, 1, 'Paute', 'cantones Azuay', '1', '2012-08-29 05:00:00', NULL, '1'),
(11, 1, 'Pucara', 'cantones Azuay', '1', '2012-08-29 05:00:00', NULL, '1'),
(12, 1, 'San Fernando', 'cantones Azuay', '1', '2012-08-29 05:00:00', NULL, '1'),
(13, 1, 'Santa Isabel', 'cantones Azuay', '1', '2012-08-29 05:00:00', NULL, '1'),
(14, 1, 'Sevilla De Oro', 'cantones Azuay', '1', '2012-08-29 05:00:00', NULL, '1'),
(15, 1, 'Sigsig', 'cantones Azuay', '1', '2012-08-29 05:00:00', NULL, '1'),
(16, 2, 'Caluma', 'cantones Bolivar', '1', '2012-08-29 05:00:00', NULL, '1'),
(17, 2, 'Chillanes', 'cantones Bolivar', '1', '2012-08-29 05:00:00', NULL, '1'),
(18, 2, 'Chimbo', 'cantones Bolivar', '1', '2012-08-29 05:00:00', NULL, '1'),
(19, 2, 'Echeandía', 'cantones Bolivar', '1', '2012-08-29 05:00:00', NULL, '1'),
(20, 2, 'Guaranda', 'cantones Bolivar', '1', '2012-08-29 05:00:00', NULL, '1'),
(21, 2, 'Las Naves', 'cantones Bolivar', '1', '2012-08-29 05:00:00', NULL, '1'),
(22, 2, 'San Miguel', 'cantones Bolivar', '1', '2012-08-29 05:00:00', NULL, '1'),
(23, 3, 'Azogues', 'cantones Cañar', '1', '2012-08-29 05:00:00', NULL, '1'),
(24, 3, 'Biblián', 'cantones Cañar', '1', '2012-08-29 05:00:00', NULL, '1'),
(25, 3, 'Cañar', 'cantones Cañar', '1', '2012-08-29 05:00:00', NULL, '1'),
(26, 3, 'Déleg', 'cantones Cañar', '1', '2012-08-29 05:00:00', NULL, '1'),
(27, 3, 'El Tambo', 'cantones Cañar', '1', '2012-08-29 05:00:00', NULL, '1'),
(28, 3, 'La Troncal', 'cantones Cañar', '1', '2012-08-29 05:00:00', NULL, '1'),
(29, 3, 'Suscal', 'cantones Cañar', '1', '2012-08-29 05:00:00', NULL, '1'),
(30, 4, 'Bolívar', 'cantones Carchi', '1', '2012-08-29 05:00:00', NULL, '1'),
(31, 4, 'Espejo', 'cantones Carchi', '1', '2012-08-29 05:00:00', NULL, '1'),
(32, 4, 'Mira', 'cantones Carchi', '1', '2012-08-29 05:00:00', NULL, '1'),
(33, 4, 'Montúfar', 'cantones Carchi', '1', '2012-08-29 05:00:00', NULL, '1'),
(34, 4, 'San Pedro De Huaca', 'cantones Carchi', '1', '2012-08-29 05:00:00', NULL, '1'),
(35, 4, 'Tulcán', 'cantones Carchi', '1', '2012-08-29 05:00:00', NULL, '1'),
(36, 5, 'Alausi', 'cantones Chimborazo', '1', '2012-08-29 05:00:00', NULL, '1'),
(37, 5, 'Chambo', 'cantones Chimborazo', '1', '2012-08-29 05:00:00', NULL, '1'),
(38, 5, 'Chunchi', 'cantones Chimborazo', '1', '2012-08-29 05:00:00', NULL, '1'),
(39, 5, 'Colta', 'cantones Chimborazo', '1', '2012-08-29 05:00:00', NULL, '1'),
(40, 5, 'Cumandá', 'cantones Chimborazo', '1', '2012-08-29 05:00:00', NULL, '1'),
(41, 5, 'Guamote', 'cantones Chimborazo', '1', '2012-08-29 05:00:00', NULL, '1'),
(42, 5, 'Guano', 'cantones Chimborazo', '1', '2012-08-29 05:00:00', NULL, '1'),
(43, 5, 'Pallatanga', 'cantones Chimborazo', '1', '2012-08-29 05:00:00', NULL, '1'),
(44, 5, 'Penipe', 'cantones Chimborazo', '1', '2012-08-29 05:00:00', NULL, '1'),
(45, 5, 'Riobamba', 'cantones Chimborazo', '1', '2012-08-29 05:00:00', NULL, '1'),
(46, 6, 'La Maná', 'cantones Cotopaxi', '1', '2012-08-29 05:00:00', NULL, '1'),
(47, 6, 'Latacunga', 'cantones Cotopaxi', '1', '2012-08-29 05:00:00', NULL, '1'),
(48, 6, 'Pangua', 'cantones Cotopaxi', '1', '2012-08-29 05:00:00', NULL, '1'),
(49, 6, 'Pujili', 'cantones Cotopaxi', '1', '2012-08-29 05:00:00', NULL, '1'),
(50, 6, 'Salcedo', 'cantones Cotopaxi', '1', '2012-08-29 05:00:00', NULL, '1'),
(51, 6, 'Saquisilí', 'cantones Cotopaxi', '1', '2012-08-29 05:00:00', NULL, '1'),
(52, 6, 'Sigchos', 'cantones Cotopaxi', '1', '2012-08-29 05:00:00', NULL, '1'),
(53, 7, 'Arenillas', 'cantones El Oro', '1', '2012-08-29 05:00:00', NULL, '1'),
(54, 7, 'Atahualpa', 'cantones El Oro', '1', '2012-08-29 05:00:00', NULL, '1'),
(55, 7, 'Balsas', 'cantones El Oro', '1', '2012-08-29 05:00:00', NULL, '1'),
(56, 7, 'Chilla', 'cantones El Oro', '1', '2012-08-29 05:00:00', NULL, '1'),
(57, 7, 'El Guabo', 'cantones El Oro', '1', '2012-08-29 05:00:00', NULL, '1'),
(58, 7, 'Huaquillas', 'cantones El Oro', '1', '2012-08-29 05:00:00', NULL, '1'),
(59, 7, 'Las Lajas', 'cantones El Oro', '1', '2012-08-29 05:00:00', NULL, '1'),
(60, 7, 'Machala', 'cantones El Oro', '1', '2012-08-29 05:00:00', NULL, '1'),
(61, 7, 'Marcabelí', 'cantones El Oro', '1', '2012-08-29 05:00:00', NULL, '1'),
(62, 7, 'Pasaje', 'cantones El Oro', '1', '2012-08-29 05:00:00', NULL, '1'),
(63, 7, 'Piñas', 'cantones El Oro', '1', '2012-08-29 05:00:00', NULL, '1'),
(64, 7, 'Portovelo', 'cantones El Oro', '1', '2012-08-29 05:00:00', NULL, '1'),
(65, 7, 'Santa Rosa', 'cantones El Oro', '1', '2012-08-29 05:00:00', NULL, '1'),
(66, 7, 'Zaruma', 'cantones El Oro', '1', '2012-08-29 05:00:00', NULL, '1'),
(67, 8, 'Atacames', 'cantones Esmeraldas', '1', '2012-08-29 05:00:00', NULL, '1'),
(68, 8, 'Eloy Alfaro', 'cantones Esmeraldas', '1', '2012-08-29 05:00:00', NULL, '1'),
(69, 8, 'Esmeraldas', 'cantones Esmeraldas', '1', '2012-08-29 05:00:00', NULL, '1'),
(70, 8, 'Muisne', 'cantones Esmeraldas', '1', '2012-08-29 05:00:00', NULL, '1'),
(71, 8, 'Quinindé', 'cantones Esmeraldas', '1', '2012-08-29 05:00:00', NULL, '1'),
(72, 8, 'Rioverde', 'cantones Esmeraldas', '1', '2012-08-29 05:00:00', NULL, '1'),
(73, 8, 'San Lorenzo', 'cantones Esmeraldas', '1', '2012-08-29 05:00:00', NULL, '1'),
(74, 9, 'Isabela', 'cantones Galapagos', '1', '2012-08-29 05:00:00', NULL, '1'),
(75, 9, 'San Cristóbal', 'cantones Galapagos', '1', '2012-08-29 05:00:00', NULL, '1'),
(76, 9, 'Santa Cruz', 'cantones Galapagos', '1', '2012-08-29 05:00:00', NULL, '1'),
(77, 10, 'Alfredo Baquerizo Moreno (Juján)', 'cantones Guayas', '1', '2012-08-29 05:00:00', NULL, '1'),
(78, 10, 'Balao', 'cantones Guayas', '1', '2012-08-29 05:00:00', NULL, '1'),
(79, 10, 'Balzar', 'cantones Guayas', '1', '2012-08-29 05:00:00', NULL, '1'),
(80, 10, 'Colimes', 'cantones Guayas', '1', '2012-08-29 05:00:00', NULL, '1'),
(81, 10, 'Coronel Marcelino Maridueña', 'cantones Guayas', '1', '2012-08-29 05:00:00', NULL, '1'),
(82, 10, 'Daule', 'cantones Guayas', '1', '2012-08-29 05:00:00', NULL, '1'),
(83, 10, 'Durán', 'cantones Guayas', '1', '2012-08-29 05:00:00', NULL, '1'),
(84, 10, 'El Empalme', 'cantones Guayas', '1', '2012-08-29 05:00:00', NULL, '1'),
(85, 10, 'El Triunfo', 'cantones Guayas', '1', '2012-08-29 05:00:00', NULL, '1'),
(86, 10, 'General Antonio Elizalde', 'cantones Guayas', '1', '2012-08-29 05:00:00', NULL, '1'),
(87, 10, 'Guayaquil', 'cantones Guayas', '1', '2012-08-29 05:00:00', NULL, '1'),
(88, 10, 'Isidro Ayora', 'cantones Guayas', '1', '2012-08-29 05:00:00', NULL, '1'),
(89, 10, 'Lomas De Sargentillo', 'cantones Guayas', '1', '2012-08-29 05:00:00', NULL, '1'),
(90, 10, 'Milagro', 'cantones Guayas', '1', '2012-08-29 05:00:00', NULL, '1'),
(91, 10, 'Naranjal', 'cantones Guayas', '1', '2012-08-29 05:00:00', NULL, '1'),
(92, 10, 'Naranjito', 'cantones Guayas', '1', '2012-08-29 05:00:00', NULL, '1'),
(93, 10, 'Nobol', 'cantones Guayas', '1', '2012-08-29 05:00:00', NULL, '1'),
(94, 10, 'Palestina', 'cantones Guayas', '1', '2012-08-29 05:00:00', NULL, '1'),
(95, 10, 'Pedro Carbo', 'cantones Guayas', '1', '2012-08-29 05:00:00', NULL, '1'),
(96, 10, 'Playas', 'cantones Guayas', '1', '2012-08-29 05:00:00', NULL, '1'),
(97, 10, 'Salitre (Urbina Jado)', 'cantones Guayas', '1', '2012-08-29 05:00:00', NULL, '1'),
(98, 10, 'Samborondón', 'cantones Guayas', '1', '2012-08-29 05:00:00', NULL, '1'),
(99, 10, 'San Jacinto De Yaguachi', 'cantones Guayas', '1', '2012-08-29 05:00:00', NULL, '1'),
(100, 10, 'Santa Lucía', 'cantones Guayas', '1', '2012-08-29 05:00:00', NULL, '1'),
(101, 10, 'Simón Bolívar', 'cantones Guayas', '1', '2012-08-29 05:00:00', NULL, '1'),
(102, 11, 'Antonio Ante', 'cantones Imbabura', '1', '2012-08-29 05:00:00', NULL, '1'),
(103, 11, 'Cotacachi', 'cantones Imbabura', '1', '2012-08-29 05:00:00', NULL, '1'),
(104, 11, 'Ibarra', 'cantones Imbabura', '1', '2012-08-29 05:00:00', NULL, '1'),
(105, 11, 'Otavalo', 'cantones Imbabura', '1', '2012-08-29 05:00:00', NULL, '1'),
(106, 11, 'Pimampiro', 'cantones Imbabura', '1', '2012-08-29 05:00:00', NULL, '1'),
(107, 11, 'San Miguel De Urcuquí', 'cantones Imbabura', '1', '2012-08-29 05:00:00', NULL, '1'),
(108, 12, 'Calvas', 'cantones Loja', '1', '2012-08-29 05:00:00', NULL, '1'),
(109, 12, 'Catamayo', 'cantones Loja', '1', '2012-08-29 05:00:00', NULL, '1'),
(110, 12, 'Celica', 'cantones Loja', '1', '2012-08-29 05:00:00', NULL, '1'),
(111, 12, 'Chaguarpamba', 'cantones Loja', '1', '2012-08-29 05:00:00', NULL, '1'),
(112, 12, 'Espíndola', 'cantones Loja', '1', '2012-08-29 05:00:00', NULL, '1'),
(113, 12, 'Gonzanamá', 'cantones Loja', '1', '2012-08-29 05:00:00', NULL, '1'),
(114, 12, 'Loja', 'cantones Loja', '1', '2012-08-29 05:00:00', NULL, '1'),
(115, 12, 'Macará', 'cantones Loja', '1', '2012-08-29 05:00:00', NULL, '1'),
(116, 12, 'Olmedo', 'cantones Loja', '1', '2012-08-29 05:00:00', NULL, '1'),
(117, 12, 'Paltas', 'cantones Loja', '1', '2012-08-29 05:00:00', NULL, '1'),
(118, 12, 'Pindal', 'cantones Loja', '1', '2012-08-29 05:00:00', NULL, '1'),
(119, 12, 'Puyango', 'cantones Loja', '1', '2012-08-29 05:00:00', NULL, '1'),
(120, 12, 'Quilanga', 'cantones Loja', '1', '2012-08-29 05:00:00', NULL, '1'),
(121, 12, 'Saraguro', 'cantones Loja', '1', '2012-08-29 05:00:00', NULL, '1'),
(122, 12, 'Sozoranga', 'cantones Loja', '1', '2012-08-29 05:00:00', NULL, '1'),
(123, 12, 'Zapotillo', 'cantones Loja', '1', '2012-08-29 05:00:00', NULL, '1'),
(124, 13, 'Baba', 'cantones Los Rios', '1', '2012-08-29 05:00:00', NULL, '1'),
(125, 13, 'Babahoyo', 'cantones Los Rios', '1', '2012-08-29 05:00:00', NULL, '1'),
(126, 13, 'Buena Fé', 'cantones Los Rios', '1', '2012-08-29 05:00:00', NULL, '1'),
(127, 13, 'Mocache', 'cantones Los Rios', '1', '2012-08-29 05:00:00', NULL, '1'),
(128, 13, 'Montalvo', 'cantones Los Rios', '1', '2012-08-29 05:00:00', NULL, '1'),
(129, 13, 'Palenque', 'cantones Los Rios', '1', '2012-08-29 05:00:00', NULL, '1'),
(130, 13, 'Puebloviejo', 'cantones Los Rios', '1', '2012-08-29 05:00:00', NULL, '1'),
(131, 13, 'Quevedo', 'cantones Los Rios', '1', '2012-08-29 05:00:00', NULL, '1'),
(132, 13, 'Quinsaloma', 'cantones Los Rios', '1', '2012-08-29 05:00:00', NULL, '1'),
(133, 13, 'Urdaneta', 'cantones Los Rios', '1', '2012-08-29 05:00:00', NULL, '1'),
(134, 13, 'Valencia', 'cantones Los Rios', '1', '2012-08-29 05:00:00', NULL, '1'),
(135, 13, 'Ventanas', 'cantones Los Rios', '1', '2012-08-29 05:00:00', NULL, '1'),
(136, 13, 'Vínces', 'cantones Los Rios', '1', '2012-08-29 05:00:00', NULL, '1'),
(137, 14, '24 De Mayo', 'cantones Manabi', '1', '2012-08-29 05:00:00', NULL, '1'),
(138, 14, 'Bolívar', 'cantones Manabi', '1', '2012-08-29 05:00:00', NULL, '1'),
(139, 14, 'Chone', 'cantones Manabi', '1', '2012-08-29 05:00:00', NULL, '1'),
(140, 14, 'El Carmen', 'cantones Manabi', '1', '2012-08-29 05:00:00', NULL, '1'),
(141, 14, 'Flavio Alfaro', 'cantones Manabi', '1', '2012-08-29 05:00:00', NULL, '1'),
(142, 14, 'Jama', 'cantones Manabi', '1', '2012-08-29 05:00:00', NULL, '1'),
(143, 14, 'Jaramijó', 'cantones Manabi', '1', '2012-08-29 05:00:00', NULL, '1'),
(144, 14, 'Jipijapa', 'cantones Manabi', '1', '2012-08-29 05:00:00', NULL, '1'),
(145, 14, 'Junín', 'cantones Manabi', '1', '2012-08-29 05:00:00', NULL, '1'),
(146, 14, 'Manta', 'cantones Manabi', '1', '2012-08-29 05:00:00', NULL, '1'),
(147, 14, 'Montecristi', 'cantones Manabi', '1', '2012-08-29 05:00:00', NULL, '1'),
(148, 14, 'Olmedo', 'cantones Manabi', '1', '2012-08-29 05:00:00', NULL, '1'),
(149, 14, 'Paján', 'cantones Manabi', '1', '2012-08-29 05:00:00', NULL, '1'),
(150, 14, 'Pedernales', 'cantones Manabi', '1', '2012-08-29 05:00:00', NULL, '1'),
(151, 14, 'Pichincha', 'cantones Manabi', '1', '2012-08-29 05:00:00', NULL, '1'),
(152, 14, 'Portoviejo', 'cantones Manabi', '1', '2012-08-29 05:00:00', NULL, '1'),
(153, 14, 'Puerto López', 'cantones Manabi', '1', '2012-08-29 05:00:00', NULL, '1'),
(154, 14, 'Rocafuerte', 'cantones Manabi', '1', '2012-08-29 05:00:00', NULL, '1'),
(155, 14, 'San Vicente', 'cantones Manabi', '1', '2012-08-29 05:00:00', NULL, '1'),
(156, 14, 'Santa Ana', 'cantones Manabi', '1', '2012-08-29 05:00:00', NULL, '1'),
(157, 14, 'Sucre', 'cantones Manabi', '1', '2012-08-29 05:00:00', NULL, '1'),
(158, 14, 'Tosagua', 'cantones Manabi', '1', '2012-08-29 05:00:00', NULL, '1'),
(159, 15, 'Gualaquiza', 'cantones Morona Santiago', '1', '2012-08-29 05:00:00', NULL, '1'),
(160, 15, 'Huamboya', 'cantones Morona Santiago', '1', '2012-08-29 05:00:00', NULL, '1'),
(161, 15, 'Limón Indanza', 'cantones Morona Santiago', '1', '2012-08-29 05:00:00', NULL, '1'),
(162, 15, 'Logroño', 'cantones Morona Santiago', '1', '2012-08-29 05:00:00', NULL, '1'),
(163, 15, 'Morona', 'cantones Morona Santiago', '1', '2012-08-29 05:00:00', NULL, '1'),
(164, 15, 'Pablo Sexto', 'cantones Morona Santiago', '1', '2012-08-29 05:00:00', NULL, '1'),
(165, 15, 'Palora', 'cantones Morona Santiago', '1', '2012-08-29 05:00:00', NULL, '1'),
(166, 15, 'San Juan Bosco', 'cantones Morona Santiago', '1', '2012-08-29 05:00:00', NULL, '1'),
(167, 15, 'Santiago', 'cantones Morona Santiago', '1', '2012-08-29 05:00:00', NULL, '1'),
(168, 15, 'Sucúa', 'cantones Morona Santiago', '1', '2012-08-29 05:00:00', NULL, '1'),
(169, 15, 'Taisha', 'cantones Morona Santiago', '1', '2012-08-29 05:00:00', NULL, '1'),
(170, 15, 'Tiwintza', 'cantones Morona Santiago', '1', '2012-08-29 05:00:00', NULL, '1'),
(171, 16, 'Archidona', 'cantones Napo', '1', '2012-08-29 05:00:00', NULL, '1'),
(172, 16, 'Carlos Julio Arosemena Tola', 'cantones Napo', '1', '2012-08-29 05:00:00', NULL, '1'),
(173, 16, 'El Chaco', 'cantones Napo', '1', '2012-08-29 05:00:00', NULL, '1'),
(174, 16, 'Quijos', 'cantones Napo', '1', '2012-08-29 05:00:00', NULL, '1'),
(175, 16, 'Tena', 'cantones Napo', '1', '2012-08-29 05:00:00', NULL, '1'),
(176, 17, 'Aguarico', 'cantones Orellana', '1', '2012-08-29 05:00:00', NULL, '1'),
(177, 17, 'La Joya De Los Sachas', 'cantones Orellana', '1', '2012-08-29 05:00:00', NULL, '1'),
(178, 17, 'Loreto', 'cantones Orellana', '1', '2012-08-29 05:00:00', NULL, '1'),
(179, 17, 'Orellana', 'cantones Orellana', '1', '2012-08-29 05:00:00', NULL, '1'),
(180, 18, 'Arajuno', 'cantones Pastaza', '1', '2012-08-29 05:00:00', NULL, '1'),
(181, 18, 'Mera', 'cantones Pastaza', '1', '2012-08-29 05:00:00', NULL, '1'),
(182, 18, 'Pastaza', 'cantones Pastaza', '1', '2012-08-29 05:00:00', NULL, '1'),
(183, 18, 'Santa Clara', 'cantones Pastaza', '1', '2012-08-29 05:00:00', NULL, '1'),
(184, 19, 'Cayambe', 'cantones Pichincha', '1', '2012-08-29 05:00:00', NULL, '1'),
(185, 19, 'Mejia', 'cantones Pichincha', '1', '2012-08-29 05:00:00', NULL, '1'),
(186, 19, 'Pedro Moncayo', 'cantones Pichincha', '1', '2012-08-29 05:00:00', NULL, '1'),
(187, 19, 'Pedro Vicente Maldonado', 'cantones Pichincha', '1', '2012-08-29 05:00:00', NULL, '1'),
(188, 19, 'Puerto Quito', 'cantones Pichincha', '1', '2012-08-29 05:00:00', NULL, '1'),
(189, 19, 'Quito', 'cantones Pichincha', '1', '2012-08-29 05:00:00', NULL, '1'),
(190, 19, 'Rumiñahui', 'cantones Pichincha', '1', '2012-08-29 05:00:00', NULL, '1'),
(191, 19, 'San Miguel De Los Bancos', 'cantones Pichincha', '1', '2012-08-29 05:00:00', NULL, '1'),
(192, 20, 'La Libertad', 'cantones Santa Elena', '1', '2012-08-29 05:00:00', NULL, '1'),
(193, 20, 'Salinas', 'cantones Santa Elena', '1', '2012-08-29 05:00:00', NULL, '1'),
(194, 20, 'Santa Elena', 'cantones Santa Elena', '1', '2012-08-29 05:00:00', NULL, '1'),
(195, 21, 'La Concordia', 'cantones Santo Domingo', '1', '2012-08-29 05:00:00', NULL, '1'),
(196, 21, 'Santo Domingo', 'cantones Santo Domingo', '1', '2012-08-29 05:00:00', NULL, '1'),
(197, 22, 'Cascales', 'cantones Sucumbios', '1', '2012-08-29 05:00:00', NULL, '1'),
(198, 22, 'Cuyabeno', 'cantones Sucumbios', '1', '2012-08-29 05:00:00', NULL, '1'),
(199, 22, 'Gonzalo Pizarro', 'cantones Sucumbios', '1', '2012-08-29 05:00:00', NULL, '1'),
(200, 22, 'Lago Agrio', 'cantones Sucumbios', '1', '2012-08-29 05:00:00', NULL, '1'),
(201, 22, 'Putumayo', 'cantones Sucumbios', '1', '2012-08-29 05:00:00', NULL, '1'),
(202, 22, 'Shushufindi', 'cantones Sucumbios', '1', '2012-08-29 05:00:00', NULL, '1'),
(203, 22, 'Sucumbíos', 'cantones Sucumbios', '1', '2012-08-29 05:00:00', NULL, '1'),
(204, 23, 'Ambato', 'cantones Tungurahua', '1', '2012-08-29 05:00:00', NULL, '1'),
(205, 23, 'Baños De Agua Santa', 'cantones Tungurahua', '1', '2012-08-29 05:00:00', NULL, '1'),
(206, 23, 'Cevallos', 'cantones Tungurahua', '1', '2012-08-29 05:00:00', NULL, '1'),
(207, 23, 'Mocha', 'cantones Tungurahua', '1', '2012-08-29 05:00:00', NULL, '1'),
(208, 23, 'Patate', 'cantones Tungurahua', '1', '2012-08-29 05:00:00', NULL, '1'),
(209, 23, 'Quero', 'cantones Tungurahua', '1', '2012-08-29 05:00:00', NULL, '1'),
(210, 23, 'San Pedro De Pelileo', 'cantones Tungurahua', '1', '2012-08-29 05:00:00', NULL, '1'),
(211, 23, 'Santiago De Píllaro', 'cantones Tungurahua', '1', '2012-08-29 05:00:00', NULL, '1'),
(212, 23, 'Tisaleo', 'cantones Tungurahua', '1', '2012-08-29 05:00:00', NULL, '1'),
(213, 24, 'Centinela Del Cóndor', 'cantones Zamora Chinchipe', '1', '2012-08-29 05:00:00', NULL, '1'),
(214, 24, 'Chinchipe', 'cantones Zamora Chinchipe', '1', '2012-08-29 05:00:00', NULL, '1'),
(215, 24, 'El Pangui', 'cantones Zamora Chinchipe', '1', '2012-08-29 05:00:00', NULL, '1'),
(216, 24, 'Nangaritza', 'cantones Zamora Chinchipe', '1', '2012-08-29 05:00:00', NULL, '1'),
(217, 24, 'Palanda', 'cantones Zamora Chinchipe', '1', '2012-08-29 05:00:00', NULL, '1'),
(218, 24, 'Paquisha', 'cantones Zamora Chinchipe', '1', '2012-08-29 05:00:00', NULL, '1'),
(219, 24, 'Yacuambi', 'cantones Zamora Chinchipe', '1', '2012-08-29 05:00:00', NULL, '1'),
(220, 24, 'Yantzaza (Yanzatza)', 'cantones Zamora Chinchipe', '1', '2012-08-29 05:00:00', NULL, '1'),
(221, 24, 'Zamora', 'cantones Zamora Chinchipe', '1', '2012-08-29 05:00:00', NULL, '1');
